/*
SQLyog Enterprise v12.09 (64 bit)
MySQL - 8.0.22 : Database - db7
*********************************************************************
*/

/*!40101 SET NAMES utf8 */;

/*!40101 SET SQL_MODE=''*/;

/*!40014 SET @OLD_UNIQUE_CHECKS=@@UNIQUE_CHECKS, UNIQUE_CHECKS=0 */;
/*!40014 SET @OLD_FOREIGN_KEY_CHECKS=@@FOREIGN_KEY_CHECKS, FOREIGN_KEY_CHECKS=0 */;
/*!40101 SET @OLD_SQL_MODE=@@SQL_MODE, SQL_MODE='NO_AUTO_VALUE_ON_ZERO' */;
/*!40111 SET @OLD_SQL_NOTES=@@SQL_NOTES, SQL_NOTES=0 */;
CREATE DATABASE /*!32312 IF NOT EXISTS*/`db7` /*!40100 DEFAULT CHARACTER SET utf8mb4 COLLATE utf8mb4_0900_ai_ci */ /*!80016 DEFAULT ENCRYPTION='N' */;

USE `db7`;

/*Table structure for table `city` */

DROP TABLE IF EXISTS `city`;

CREATE TABLE `city` (
  `cityID` int NOT NULL,
  `cityName` varchar(50) NOT NULL,
  `provincialID` int NOT NULL,
  PRIMARY KEY (`cityID`),
  KEY `FK_pro_city_provincialID` (`provincialID`),
  CONSTRAINT `FK_pro_city_provincialID` FOREIGN KEY (`provincialID`) REFERENCES `provincial` (`provincialID`)
) ENGINE=InnoDB DEFAULT CHARSET=gbk;

/*Data for the table `city` */

insert  into `city`(`cityID`,`cityName`,`provincialID`) values (1,'北京市',1),(2,'天津市',2),(3,'上海市',3),(4,'重庆市',4),(6,'唐山市',5),(7,'秦皇岛市',5),(8,'邯郸市',5),(9,'邢台市',5),(10,'保定市',5),(11,'张家口市',5),(12,'承德市',5),(13,'沧州市',5),(14,'廊坊市',5),(15,'衡水市',5),(17,'大同市',6),(18,'阳泉市',6),(19,'长治市',6),(20,'晋城市',6),(21,'朔州市',6),(22,'晋中市',6),(23,'运城市',6),(24,'忻州市',6),(25,'临汾市',6),(26,'吕梁市',6),(28,'高雄市',7),(29,'基隆市',7),(30,'台中市',7),(31,'台南市',7),(32,'新竹市',7),(33,'嘉义市',7),(34,'台北县',7),(35,'宜兰县',7),(36,'桃园县',7),(37,'新竹县',7),(38,'苗栗县',7),(39,'台中县',7),(40,'彰化县',7),(41,'南投县',7),(42,'云林县',7),(43,'嘉义县',7),(44,'台南县',7),(45,'高雄县',7),(46,'屏东县',7),(47,'澎湖县',7),(48,'台东县',7),(49,'花莲县',7),(51,'大连市',8),(52,'鞍山市',8),(53,'抚顺市',8),(54,'本溪市',8),(55,'丹东市',8),(56,'锦州市',8),(57,'营口市',8),(58,'阜新市',8),(59,'辽阳市',8),(60,'盘锦市',8),(61,'铁岭市',8),(62,'朝阳市',8),(63,'葫芦岛市',8),(65,'吉林市',9),(66,'四平市',9),(67,'辽源市',9),(68,'通化市',9),(69,'白山市',9),(70,'松原市',9),(71,'白城市',9),(72,'延边朝鲜族自治州',9),(74,'齐齐哈尔市',10),(75,'鹤 岗 市',10),(76,'双鸭山市',10),(77,'鸡 西 市',10),(78,'大 庆 市',10),(79,'伊 春 市',10),(80,'牡丹江市',10),(81,'佳木斯市',10),(82,'七台河市',10),(83,'黑 河 市',10),(84,'绥 化 市',10),(85,'大兴安岭地区',10),(87,'无锡市',11),(88,'徐州市',11),(89,'常州市',11),(90,'苏州市',11),(91,'南通市',11),(92,'连云港市',11),(93,'淮安市',11),(94,'盐城市',11),(95,'扬州市',11),(96,'镇江市',11),(97,'泰州市',11),(98,'宿迁市',11),(100,'宁波市',12),(101,'温州市',12),(102,'嘉兴市',12),(103,'湖州市',12),(104,'绍兴市',12),(105,'金华市',12),(106,'衢州市',12),(107,'舟山市',12),(108,'台州市',12),(109,'丽水市',12),(111,'芜湖市',13),(112,'蚌埠市',13),(113,'淮南市',13),(114,'马鞍山市',13),(115,'淮北市',13),(116,'铜陵市',13),(117,'安庆市',13),(118,'黄山市',13),(119,'滁州市',13),(120,'阜阳市',13),(121,'宿州市',13),(122,'巢湖市',13),(123,'六安市',13),(124,'亳州市',13),(125,'池州市',13),(126,'宣城市',13),(128,'厦门市',14),(129,'莆田市',14),(130,'三明市',14),(131,'泉州市',14),(132,'漳州市',14),(133,'南平市',14),(134,'龙岩市',14),(135,'宁德市',14),(137,'景德镇市',15),(138,'萍乡市',15),(139,'九江市',15),(140,'新余市',15),(141,'鹰潭市',15),(142,'赣州市',15),(143,'吉安市',15),(144,'宜春市',15),(145,'抚州市',15),(146,'上饶市',15),(148,'青岛市',16),(149,'淄博市',16),(150,'枣庄市',16),(151,'东营市',16),(152,'烟台市',16),(153,'潍坊市',16),(154,'济宁市',16),(155,'泰安市',16),(156,'威海市',16),(157,'日照市',16),(158,'莱芜市',16),(159,'临沂市',16),(160,'德州市',16),(161,'聊城市',16),(162,'滨州市',16),(163,'菏泽市',16),(165,'开封市',17),(166,'洛阳市',17),(167,'平顶山市',17),(168,'安阳市',17),(169,'鹤壁市',17),(170,'新乡市',17),(171,'焦作市',17),(172,'濮阳市',17),(173,'许昌市',17),(174,'漯河市',17),(175,'三门峡市',17),(176,'南阳市',17),(177,'商丘市',17),(178,'信阳市',17),(179,'周口市',17),(180,'驻马店市',17),(181,'济源市',17),(183,'黄石市',18),(184,'十堰市',18),(185,'荆州市',18),(186,'宜昌市',18),(187,'襄樊市',18),(188,'鄂州市',18),(189,'荆门市',18),(190,'孝感市',18),(191,'黄冈市',18),(192,'咸宁市',18),(193,'随州市',18),(194,'仙桃市',18),(195,'天门市',18),(196,'潜江市',18),(197,'神农架林区',18),(198,'恩施土家族苗族自治州',18),(200,'株洲市',19),(201,'湘潭市',19),(202,'衡阳市',19),(203,'邵阳市',19),(204,'岳阳市',19),(205,'常德市',19),(206,'张家界市',19),(207,'益阳市',19),(208,'郴州市',19),(209,'永州市',19),(210,'怀化市',19),(211,'娄底市',19),(212,'湘西土家族苗族自治州',19),(214,'深圳市',20),(215,'珠海市',20),(216,'汕头市',20),(217,'韶关市',20),(218,'佛山市',20),(219,'江门市',20),(220,'湛江市',20),(221,'茂名市',20),(222,'肇庆市',20),(223,'惠州市',20),(224,'梅州市',20),(225,'汕尾市',20),(226,'河源市',20),(227,'阳江市',20),(228,'清远市',20),(229,'东莞市',20),(230,'中山市',20),(231,'潮州市',20),(232,'揭阳市',20),(233,'云浮市',20),(235,'金昌市',21),(236,'白银市',21),(237,'天水市',21),(238,'嘉峪关市',21),(239,'武威市',21),(240,'张掖市',21),(241,'平凉市',21),(242,'酒泉市',21),(243,'庆阳市',21),(244,'定西市',21),(245,'陇南市',21),(246,'临夏回族自治州',21),(247,'甘南藏族自治州',21),(249,'自贡市',22),(250,'攀枝花市',22),(251,'泸州市',22),(252,'德阳市',22),(253,'绵阳市',22),(254,'广元市',22),(255,'遂宁市',22),(256,'内江市',22),(257,'乐山市',22),(258,'南充市',22),(259,'眉山市',22),(260,'宜宾市',22),(261,'广安市',22),(262,'达州市',22),(263,'雅安市',22),(264,'巴中市',22),(265,'资阳市',22),(266,'阿坝藏族羌族自治州',22),(267,'甘孜藏族自治州',22),(268,'凉山彝族自治州',22),(270,'六盘水市',23),(271,'遵义市',23),(272,'安顺市',23),(273,'铜仁地区',23),(274,'毕节地区',23),(275,'黔西南布依族苗族自治州',23),(276,'黔东南苗族侗族自治州',23),(277,'黔南布依族苗族自治州',23),(279,'三亚市',24),(280,'五指山市',24),(281,'琼海市',24),(282,'儋州市',24),(283,'文昌市',24),(284,'万宁市',24),(285,'东方市',24),(286,'澄迈县',24),(287,'定安县',24),(288,'屯昌县',24),(289,'临高县',24),(290,'白沙黎族自治县',24),(291,'昌江黎族自治县',24),(292,'乐东黎族自治县',24),(293,'陵水黎族自治县',24),(294,'保亭黎族苗族自治县',24),(295,'琼中黎族苗族自治县',24),(297,'曲靖市',25),(298,'玉溪市',25),(299,'保山市',25),(300,'昭通市',25),(301,'丽江市',25),(302,'思茅市',25),(303,'临沧市',25),(304,'文山壮族苗族自治州',25),(305,'红河哈尼族彝族自治州',25),(306,'西双版纳傣族自治州',25),(307,'楚雄彝族自治州',25),(308,'大理白族自治州',25),(309,'德宏傣族景颇族自治州',25),(310,'怒江傈傈族自治州',25),(311,'迪庆藏族自治州',25),(313,'海东地区',26),(314,'海北藏族自治州',26),(315,'黄南藏族自治州',26),(316,'海南藏族自治州',26),(317,'果洛藏族自治州',26),(318,'玉树藏族自治州',26),(319,'海西蒙古族藏族自治州',26),(321,'铜川市',27),(322,'宝鸡市',27),(323,'咸阳市',27),(324,'渭南市',27),(325,'延安市',27),(326,'汉中市',27),(327,'榆林市',27),(328,'安康市',27),(329,'商洛市',27),(331,'柳州市',28),(332,'桂林市',28),(333,'梧州市',28),(334,'北海市',28),(335,'防城港市',28),(336,'钦州市',28),(337,'贵港市',28),(338,'玉林市',28),(339,'百色市',28),(340,'贺州市',28),(341,'河池市',28),(342,'来宾市',28),(343,'崇左市',28),(345,'那曲地区',29),(346,'昌都地区',29),(347,'山南地区',29),(348,'日喀则地区',29),(349,'阿里地区',29),(350,'林芝地区',29),(352,'石嘴山市',30),(353,'吴忠市',30),(354,'固原市',30),(355,'中卫市',30),(357,'克拉玛依市',31),(358,'石河子市　',31),(359,'阿拉尔市',31),(360,'图木舒克市',31),(361,'五家渠市',31),(362,'吐鲁番市',31),(363,'阿克苏市',31),(364,'喀什市',31),(365,'哈密市',31),(366,'和田市',31),(367,'阿图什市',31),(368,'库尔勒市',31),(369,'昌吉市　',31),(370,'阜康市',31),(371,'米泉市',31),(372,'博乐市',31),(373,'伊宁市',31),(374,'奎屯市',31),(375,'塔城市',31),(376,'乌苏市',31),(377,'阿勒泰市',31),(379,'包头市',32),(380,'乌海市',32),(381,'赤峰市',32),(382,'通辽市',32),(383,'鄂尔多斯市',32),(384,'呼伦贝尔市',32),(385,'巴彦淖尔市',32),(386,'乌兰察布市',32),(387,'锡林郭勒盟',32),(388,'兴安盟',32),(389,'阿拉善盟',32),(390,'澳门特别行政区',33),(391,'香港特别行政区',34),(392,'西安市',27);

/*Table structure for table `goods` */

DROP TABLE IF EXISTS `goods`;

CREATE TABLE `goods` (
  `goodName` varchar(64) NOT NULL,
  `price` int NOT NULL,
  `id` int NOT NULL AUTO_INCREMENT,
  PRIMARY KEY (`id`)
) ENGINE=InnoDB AUTO_INCREMENT=34 DEFAULT CHARSET=utf8mb4 COLLATE=utf8mb4_0900_ai_ci;

/*Data for the table `goods` */

insert  into `goods`(`goodName`,`price`,`id`) values ('小米手机',1600,1),('华为手机',2400,2),('小米平板',1500,3),('华为平板',2500,4),('ipad',5000,5),('小新pad',1200,6),('键盘',200,7),('鼠标',200,8),('华硕笔记本',3000,12),('神州',5000,23),('微星',8000,32),('filco',1200,33);

/*Table structure for table `provincial` */

DROP TABLE IF EXISTS `provincial`;

CREATE TABLE `provincial` (
  `provincialID` int NOT NULL,
  `provincialName` varchar(50) DEFAULT NULL,
  PRIMARY KEY (`provincialID`)
) ENGINE=InnoDB DEFAULT CHARSET=gbk;

/*Data for the table `provincial` */

insert  into `provincial`(`provincialID`,`provincialName`) values (1,'北京市'),(2,'天津市'),(3,'上海市'),(4,'重庆市'),(5,'河北省'),(6,'山西省'),(7,'台湾省'),(8,'辽宁省'),(9,'吉林省'),(10,'黑龙江省'),(11,'江苏省'),(12,'浙江省'),(13,'安徽省'),(14,'福建省'),(15,'江西省'),(16,'山东省'),(17,'河南省'),(18,'湖北省'),(19,'湖南省'),(20,'广东省'),(21,'甘肃省'),(22,'四川省'),(23,'贵州省'),(24,'海南省'),(25,'云南省'),(26,'青海省'),(27,'陕西省'),(28,'广西壮族自治区'),(29,'西藏自治区'),(30,'宁夏回族自治区'),(31,'新疆维吾尔自治区'),(32,'内蒙古自治区'),(33,'澳门特别行政区'),(34,'香港特别行政区');

/*Table structure for table `users` */

DROP TABLE IF EXISTS `users`;

CREATE TABLE `users` (
  `id` int NOT NULL AUTO_INCREMENT,
  `user_name` varchar(64) DEFAULT NULL,
  `password` varchar(128) NOT NULL,
  `province` varchar(64) NOT NULL,
  `city` varchar(64) NOT NULL,
  PRIMARY KEY (`id`),
  UNIQUE KEY `user_name` (`user_name`)
) ENGINE=InnoDB AUTO_INCREMENT=9 DEFAULT CHARSET=utf8;

/*Data for the table `users` */

insert  into `users`(`id`,`user_name`,`password`,`province`,`city`) values (1,'123','123','河南省','开封市'),(2,'345','123','湖北省','黄石市'),(7,'234','234','江西省','景德镇市'),(8,'456','123','江西省','吉安市');

/*!40101 SET SQL_MODE=@OLD_SQL_MODE */;
/*!40014 SET FOREIGN_KEY_CHECKS=@OLD_FOREIGN_KEY_CHECKS */;
/*!40014 SET UNIQUE_CHECKS=@OLD_UNIQUE_CHECKS */;
/*!40111 SET SQL_NOTES=@OLD_SQL_NOTES */;
